<?xml version="1.0" encoding="UTF-8"?>
<!DOCTYPE struts PUBLIC
   "-//Apache Software Foundation//DTD Struts Configuration 2.3//EN"
   "http://struts.apache.org/dtds/struts-2.3.dtd">

<struts>
	<constant name="struts.devMode" value="true" />
  
   <package name="helloworld" extends="struts-default">
     
      <action name="hello" 
            class="com.tutorialspoint.struts2.HelloWorldAction" 
            method="execute">
            <result name="success">/HelloWorld.jsp</result>
      </action>
      
      <action name="user" method="addUser"
         class="com.sdm.controller.UserAction">
         <result name="success"> /user.jsp </result>
      </action>
      
      <action name="">
		  <result>/user.jsp</result>
		</action>
   </package>
</struts>